{"lr": 0.00997794446709763, "data_time": 0.004372119903564453, "loss": 0.0593424366787076, "decode.loss_ce": 0.04141647219657898, "decode.acc_seg": 98.6059341430664, "aux.loss_ce": 0.01792596543673426, "aux.acc_seg": 98.6059341430664, "time": 0.46290638446807864, "step": 100}
{"lr": 0.009955660594668054, "data_time": 0.004329752922058105, "loss": 0.07444482878781855, "decode.loss_ce": 0.05034137070178986, "decode.acc_seg": 96.77879333496094, "aux.loss_ce": 0.024103457666933538, "aux.acc_seg": 93.83849334716797, "time": 0.4652247905731201, "step": 200}
{"lr": 0.009933371122565919, "data_time": 0.004388594627380371, "loss": 0.045102784596383574, "decode.loss_ce": 0.030642543733119965, "decode.acc_seg": 98.0689468383789, "aux.loss_ce": 0.014460240863263607, "aux.acc_seg": 98.0689468383789, "time": 0.4659625768661499, "step": 300}
{"lr": 0.009911076035273796, "data_time": 0.004400634765625, "loss": 0.027961102407425643, "decode.loss_ce": 0.01890851850621402, "decode.acc_seg": 99.74005889892578, "aux.loss_ce": 0.009052583866287022, "aux.acc_seg": 99.61257934570312, "time": 0.4680516004562378, "step": 400}
{"aAcc": 98.71, "mIoU": 60.27, "mAcc": 60.92, "step": 400}
{"lr": 0.0098887753171919, "data_time": 0.0043509483337402345, "loss": 0.027605971693992613, "decode.loss_ce": 0.018469764036126435, "decode.acc_seg": 99.65290069580078, "aux.loss_ce": 0.009136207983829081, "aux.acc_seg": 99.28416442871094, "time": 0.46766271591186526, "step": 500}
{"lr": 0.009866468952637547, "data_time": 0.004415059089660644, "loss": 0.023617042880505323, "decode.loss_ce": 0.015363197261467575, "decode.acc_seg": 99.82701110839844, "aux.loss_ce": 0.008253845304716378, "aux.acc_seg": 99.3493881225586, "time": 0.472035813331604, "step": 600}
{"lr": 0.009844156925844432, "data_time": 0.004399919509887695, "loss": 0.044785845559090376, "decode.loss_ce": 0.030439695296809077, "decode.acc_seg": 99.62200164794922, "aux.loss_ce": 0.014346148876938969, "aux.acc_seg": 98.80488586425781, "time": 0.4722034454345703, "step": 700}
{"lr": 0.009821839220962003, "data_time": 0.004379391670227051, "loss": 0.03036541072651744, "decode.loss_ce": 0.019791956804692746, "decode.acc_seg": 99.9986343383789, "aux.loss_ce": 0.010573454038240015, "aux.acc_seg": 99.48228454589844, "time": 0.474361777305603, "step": 800}
{"aAcc": 99.29, "mIoU": 82.94, "mAcc": 92.64, "step": 800}
{"lr": 0.009799515822054777, "data_time": 0.004454469680786133, "loss": 0.026926835789345203, "decode.loss_ce": 0.01877717450261116, "decode.acc_seg": 99.92585754394531, "aux.loss_ce": 0.008149661647621542, "aux.acc_seg": 99.93156433105469, "time": 0.4718152046203613, "step": 900}
{"lr": 0.00977718671310168, "data_time": 0.004444241523742676, "loss": 0.04530978202819824, "decode.loss_ce": 0.03172727539204061, "decode.acc_seg": 98.41107177734375, "aux.loss_ce": 0.013582506938837469, "aux.acc_seg": 98.46714782714844, "time": 0.4728447437286377, "step": 1000}
{"lr": 0.009754851877995354, "data_time": 0.004413151741027832, "loss": 0.021294071199372412, "decode.loss_ce": 0.014291210472583771, "decode.acc_seg": 99.77133178710938, "aux.loss_ce": 0.007002861006185412, "aux.acc_seg": 99.77133178710938, "time": 0.47742886543273927, "step": 1100}
{"lr": 0.009732511300541468, "data_time": 0.0044116020202636715, "loss": 0.007742172002326697, "decode.loss_ce": 0.004943250631913543, "decode.acc_seg": 100.0, "aux.loss_ce": 0.0027989213122054935, "aux.acc_seg": 100.0, "time": 0.47391743659973146, "step": 1200}
{"aAcc": 99.42, "mIoU": 83.22, "mAcc": 86.04, "step": 1200}
{"lr": 0.009710164964458045, "data_time": 0.00447695255279541, "loss": 0.010552559932693838, "decode.loss_ce": 0.005827134056016803, "decode.acc_seg": 99.7209701538086, "aux.loss_ce": 0.004725425725337118, "aux.acc_seg": 99.64441680908203, "time": 0.4741431951522827, "step": 1300}
{"lr": 0.009687812853374727, "data_time": 0.004467630386352539, "loss": 0.021862656949087976, "decode.loss_ce": 0.014604765875265002, "decode.acc_seg": 99.6331558227539, "aux.loss_ce": 0.007257891318295151, "aux.acc_seg": 99.0787582397461, "time": 0.47716262340545657, "step": 1400}
{"lr": 0.009665454950832103, "data_time": 0.004458332061767578, "loss": 0.018168188678100706, "decode.loss_ce": 0.01169375260360539, "decode.acc_seg": 98.77978515625, "aux.loss_ce": 0.006474436237476766, "aux.acc_seg": 98.24665069580078, "time": 0.4763453245162964, "step": 1500}
{"lr": 0.009643091240280942, "data_time": 0.004408526420593262, "loss": 0.016586892260238528, "decode.loss_ce": 0.010860350215807557, "decode.acc_seg": 99.99835968017578, "aux.loss_ce": 0.005726542242337018, "aux.acc_seg": 99.95330047607422, "time": 0.47560160160064696, "step": 1600}
{"aAcc": 99.45, "mIoU": 84.51, "mAcc": 88.39, "step": 1600}
